{
    "package_version": "1.0",
    "id": "ac8d5efb-db29-4122-abce-ee4ecf0dae37",
    "type": "client-app",
    "name": "SKE App",
    "description": "Custom client UIs",
    "minimum_version": "0070300000",
    "icon_16": "extension-16.png",
    "icon_48": "extension-48.png",
    "icon_128": "extension-128.png",
    "released_on": "2013-03-08T19:11:11.234Z",
    "register_url": "%serviceURL%/jive/oauth/register",
    "unregister_url": "%serviceURL%/jive/oauth/unregister",
    "service_url": "http://localhost:8090",
    "redirect_url": "%serviceURL%"
}