<?xml version="1.0" encoding="UTF-8"?>
<Module specificationVersion="1">
  <ModulePrefs title="SKE"
               description="Apps for the Social Knowledge Engine"
               author="Taylor Boren"
               author_affiliation="TeleTech"
               author_email="taylorboren@teletech.com">

    <!-- Commonly used features -->
    <Require feature="dynamic-height" />
    <Require feature="jive-core-v2" />
    <Require feature="osapi"/>
    <Require feature="settitle"/>
    <Require feature="views" />
    <Require feature="oauthpopup"/>
    <Require feature="jive-core-v3" />
    <Require feature="embedded-experiences" />
	<Require feature="actions">  
		<Param name="action-contributions">  
			<![CDATA[ 
				
        <action id="sendmessage.create"  
          path="jive/actions/navmenu?filter=securityGroupMember(user,'Announcements')"  
          label="Send Announcement"  
          view="send-message"/>

          <action id="request.article"  
          path="jive/actions/navmenu?filter=exists(user.extprops.request)"  
          label="Request New Article"  
          view="request-article"/>

        <action id="sendmessage.actions"  
          path="jive/actions/places/*?filter=securityGroupMember(user,'Announcements')" 
          label="Send Announcement"  
          view="send-message"/>

          <action id="viewmessages.actions"  
          path="jive/tabs/places/space?filter=securityGroupMember(user,'ViewAnnouncements')"  
          label="View Announcements"  
          view="view-messages"/>

          <action id="viewmessages.createmenu"  
          path="jive/actions/navmenu?filter=securityGroupMember(user,'ViewAnnouncements')"  
          label="View Announcements"  
          view="view-messages"/>

        <action id="sendmessage.tabs"  
          path="jive/tabs/places/space?filter=securityGroupMember(user,'Announcements')"
          label="Send Announcement"  
          view="send-message"/>

          <action id="hyundai.search.docs"  
          path="jive/actions/content/*?filter=securityGroupMember(user,'HyundaiSearch')"
          label="Search Hyundai Knowledge Base"  
          view="hyundai-search"/>

			]]>  
		</Param>  
	</Require>  

  <!-- <action id="gamification.central"  
          path="jive/actions/navmenu"  
          label="Gamification Central"  
          view="gamification-central"/> -->

    <!-- Icons: 3 sizes, 16x16, 48x48, 128x128 -->
    <Link rel="Icon"       href="images/icon16.png" />
    <Link rel="MediumIcon" href="images/icon48.png" />
    <Link rel="LargeIcon"  href="images/icon128.png" />

    <!-- Screenshots: 600w x 400h, should include at least 1 and up to 5 -->
    <!--
    <Link rel="Screenshot1" href="images/screenshot1.png" />
    <Link rel="Screenshot2" href="images/screenshot2.png" />
    <Link rel="Screenshot3" href="images/screenshot3.png" />
    <Link rel="Screenshot4" href="images/screenshot4.png" />
    <Link rel="Screenshot5" href="images/screenshot5.png" />
    -->

    <!-- OAuth Services: https://developers.jivesoftware.com/community/docs/DOC-1161 -->
    <!--
    <OAuth>
      <Service name="example">
        <Access url="http://api.example.com/oauth/access_token" method="POST" />
        <Request url="http://api.example.com/oauth/request_token" method="POST" />
        <Authorization url="http://api.example.com/oauth/authorize" />
      </Service>
    </OAuth>
    -->

    <!-- Lifecycle Events: https://developers.jivesoftware.com/community/docs/DOC-1119 -->
    <!--
    <Link rel="event.addapp" href="http://www.example.com/add" />
    <Link rel="event.removeapp" href="http://www.example.com/remove" />
    -->

    <!-- Preloaded Content: http://wiki.opensocial.org/index.php?title=Remote_Data_Requests_%28v0.9%29#Preloading_data -->
    <!--
    <Preload href="http://www.example.com" />
    -->

  </ModulePrefs>

  <!-- User Preferences: http://code.google.com/apis/gadgets/docs/reference.html#Userprefs_Ref -->
  <!--
  <UserPref name="where_i_live" display_name="Where I Live" datatype="string" default_value="" required="false" />
  <UserPref name="subscribe_to_newsletter" display_name="Subscribe to Newsletter" datatype="bool" default_value="" required="false" />
  <UserPref name="difficulty"
       display_name="Difficulty"
       datatype="enum"
       default_value="2">
    <EnumValue value="1" display_value="Easy"/>
    <EnumValue value="2" display_value="Medium"/>
    <EnumValue value="3" display_value="Hard"/>
  </UserPref>
  -->

  <!-- To begin development, remove the hello view and uncomment the home and canvas views below -->


  <Content type="html" view="canvas" href="canvas.html" />
  <!--  MANAGER PAGES  -->
  <Content type="html" view="manager-home" href="managers/home.html" />
  <Content type="html" view="manage-docs" href="managers/manage-docs.html" />
  <Content type="html" view="manage-users" href="managers/manage-users.html" />
  <Content type="html" view="new-post" href="managers/new-post.html" />
  <Content type="html" view="test" href="managers/test.html" />
  <Content type="html" view="request" href="managers/request.html" />
  <Content type="html" view="request-queue" href="managers/request-queue.html" />
  <Content type="html" view="publish" href="managers/publish.html" />
  <!--  FAIRFAX PAGES  -->
  <Content type="html" view="fx-home" href="fairfax/home.html" />
  <Content type="html" view="nz-care-home" href="fairfax/nz-care/home.html" />
  <Content type="html" view="nz-sales-home" href="fairfax/nz-sales/home.html" />
  <Content type="html" view="nz-magz-home" href="fairfax/nz-magz/home.html" />
  <Content type="html" view="fx-champ" href="fairfax/champion.html" />
  <!-- <Content type="html" view="au-metro-home" href="fairfax/au/metro-home.html" /> -->
  <Content type="html" view="au-care" href="fairfax/au/care.html" />
  <Content type="html" view="afr-care" href="fairfax/au/afr-care.html" />
  <Content type="html" view="sf-care" href="fairfax/au/sf-care.html" />
  <!-- CDC PAGES -->
  <Content type="html" view="cdc-home" href="cdc/home.html" />
  <!-- HYUNDAI PAGES -->
  <Content type="html" view="hyundai-search" href="hyundai/hyundai_search.html" />

 <!--  GENERAL  -->
  <Content type="html" view="send-message" href="general/send-message.html" />
  <Content type="html" view="request-article" href="general/request-article.html" />
  <Content type="html" view="view-messages" href="general/view-messages.html" />

  <!--  GAMIFICATION  -->
  <Content type="html" view="gamification-central" href="general/gamification-central.html" />

</Module>
